Id,ORGANIZATION,NAME,GENDER,SPECIALITY,ADDRESS,CITY,STATE,ZIP,LAT,LON,ENCOUNTERS,PROCEDURES
ad10a4fc-3566-39ea-ba5f-35f2477e3dd7,74ab949d-17ac-3309-83a0-13b4405c66aa,Gabriel934 Reilly981,F,GENERAL PRACTICE,881 Main Street,Fitchburg,MA,01420,42.586487,-71.80521,671,0
6c2332e9-d9a3-3b08-9340-bb74ed696074,faffaf6a-ee1a-3673-b0b0-421a9c249244,Gustavo235 Armstrong51,M,GENERAL PRACTICE,66 WASHINGTON ST,STOUGHTON,MA,020722571,42.14415820061801,-71.10378319512402,55,0
26a45df1-666d-3b99-8fa1-dce70ff1ded2,17a4bae5-8b64-34d7-8144-b428be027bd0,Lindsay928 Ward668,M,GENERAL PRACTICE,512 MAIN STREET  SUITE 211,SHREWSBURY,MA,015456406,42.295109499999995,-71.71808471110307,51,0
9f011aa4-056d-3765-b178-b70d0ab6446c,e76b5eb0-0c9d-3593-b5da-3c0e9a97bb96,Sal878 Lehner980,M,GENERAL PRACTICE,1400 VFW Parkway,West Roxbury,MA,02132,42.2793,-71.1657,90,0
03fc6a9e-1674-3773-89c8-2a66a4b5955c,c241b977-4131-32e4-9957-e0a00b2a1e5f,Brittanie254 Krajcik437,F,GENERAL PRACTICE,94 MAIN STREET,HYANNIS,MA,026013146,41.6562802,-70.27448000204822,8,0
d48fa6f6-5c8d-3586-9357-51106aba5ccc,ef5390b4-cba5-3d83-96db-af783a7adb43,Evan94 Anderson154,F,GENERAL PRACTICE,360 MERRIMACK ST,MALDEN,MA,021482329,42.4250964,-71.066163,4,0
31d5213c-7b9f-3927-86bb-b7b1cd69d9ab,6fafb5d4-ecca-37ab-8d24-53036a8cbf1e,Shelley12 Nikolaus26,F,GENERAL PRACTICE,320 WEST CENTER STREET  2ND FLOOR,WEST BRIDGEWATER,MA,02379,42.016080599999995,-71.02601589317304,30,0
08356908-9a97-3642-94d8-8fca02450c1c,aa682136-a4df-3942-9f50-e6fcee6c0b73,Bradley693 Runolfsson901,M,GENERAL PRACTICE,501 CORDWAINER DRIVE,NORWELL,MA,020611630,42.1647071,-70.88149077838713,34,0
9b0ef741-3255-36e2-a7bf-20ad6e350e8c,d2284f74-b6da-3a15-9791-84cdf2db18fb,Fernande593 Mosciski958,F,GENERAL PRACTICE,331 E FALMOUTH HWY,E FALMOUTH,MA,025366039,41.57853245,-70.5617374807812,162,0
c7d25b0b-d935-358f-b7af-dc86db6f8345,42d4b607-f14d-370a-818e-40965685776c,Marchelle563 Hettinger594,F,GENERAL PRACTICE,3 WASHINGTON ST STE 220,NORTH EASTON,MA,023561034,42.0667665,-71.1036592,84,0
61e147aa-f022-332f-b229-56ab0babd820,ab701a70-a658-340e-8f69-ee196a7d40c6,Bud153 Parisian75,M,GENERAL PRACTICE,484 RTE 134,WORCESTER,MA,016071728,42.2625621,-71.8018877,9,0
c653da99-4f1e-30bf-9076-481732f2580b,af2d050e-91a7-3acb-8b27-0bf6a259645e,Ronny764 Bernhard322,M,GENERAL PRACTICE,57 CITY HALL AVE,GARDNER,MA,014402614,42.5760669,-71.9934081,18,0
4ed93d73-f1d9-3c8f-abbe-2939dc2f96df,bd6cec50-10de-3696-940b-4022618764ab,Lynn917 Graham902,F,GENERAL PRACTICE,40 MARTIN ST,MELROSE,MA,021763607,42.457050550000005,-71.07494593157304,1,0
90a12b49-e00b-3455-8930-0378ff15ea3f,52ecddd8-42f6-35cc-88a5-cf474c02fb49,Cecil300 Fahey393,M,GENERAL PRACTICE,94 OBERY STREET,PLYMOUTH,MA,023602130,41.93725,-70.65503160208334,11,0
1dcca1c9-15ca-3ebc-9f08-3055108cec3c,fa564970-fde4-332c-91d9-c0747b032d3e,María José279 Godínez202,F,GENERAL PRACTICE,34 SOUTH LINCOLN STREET,NATICK,MA,017606049,42.2731232,-71.3105334275248,28,0
1ea086e3-379a-36e2-83e4-d0c79a810b77,39104cad-5228-3e07-9b3e-3ad736b33d5d,Chase54 Muller251,M,GENERAL PRACTICE,200 PROVIDENCE HWY,DEDHAM,MA,020261881,42.22214545274341,-71.18159060546684,50,0
4c520c14-e7ed-3735-b4fe-29c507f3db1d,667b46fe-0afa-3f70-a311-bbe3d52db050,Joshua658 Borer986,M,GENERAL PRACTICE,757 BOSTON POST RD,WORCESTER,MA,016071728,42.231371,-72.165386,20,0
6619f754-2909-39c2-9976-469e50ab5d25,dd913783-9448-36f9-816d-37199011617b,Berniece493 Corkery305,F,GENERAL PRACTICE,7 HARVARD ST STE 220,BROOKLINE,MA,024457979,42.333476142857144,-71.11868571428572,20,0
57fbb466-45ce-379a-9f6d-3968a7b9e4f0,5fcff9db-16e4-3e56-aa78-abbc16338097,Marcus77 Schamberger479,M,GENERAL PRACTICE,295 VARNUM AVE,WESTFORD,MA,018863513,42.5792583,-71.4378411,128,0
837e33f9-32c9-3ebd-8e11-74559c18dfa5,84abfbd5-41c1-3df4-9b31-7ca93cb2309a,Jean712 Block661,F,GENERAL PRACTICE,85 HERRICK ST,BEVERLY,MA,019151790,42.56415055,-70.8751357650672,84,0
32b400dd-c83a-3e42-aee1-c1489edc37fe,1ddd51d1-7297-3c3b-bad5-98aecd5e4a79,Dinah304 Kub800,F,GENERAL PRACTICE,127 CAMBRIDGE STREET  SUTIE #2B,BURLINGTON,MA,018033735,42.50188325,-71.19559351572005,5,0
c223110f-7ccc-38ae-ab94-35fcdb8e600b,8d0f0e66-b1dc-37fd-8b4e-0dcb6b3b446e,Les282 Pollich983,M,GENERAL PRACTICE,200 Springs Rd.,Bedford,MA,01730,42.503376,-71.272644,185,0
b8152a18-6cb7-3f2e-8274-842c3f2ddf95,f549a720-814b-3dc6-ae77-6376a22564ee,Perry780 Prosacco716,M,GENERAL PRACTICE,209 COUNTY RD,NORTH FALMOUTH,MA,02556,41.6459404,-70.6183639,1,0
d6bbe096-535e-368d-816e-7a8f275c96a7,32fcdfba-8c93-30f4-b15b-dd3b65c29deb,Jody426 Bernhard322,M,GENERAL PRACTICE,20 NORTH MAPLE STREET,HADLEY,MA,010359715,42.3615107,-72.55261320852942,8,0
38b23276-6bc1-31c4-bdb7-95f492637f69,609ec9f1-e806-3427-b912-9e3b2915521d,Terence292 Conn188,M,GENERAL PRACTICE,575 BEECH STREET,HOLYOKE,MA,010406604,42.20105435,-72.628169560868,16,0
57aab3c5-6fda-3f6e-a3e1-d7585960541b,365eae93-6352-3d48-9a8d-dc9fa4b917be,Tyson541 Kertzmann286,M,GENERAL PRACTICE,32 HOSPITAL HILL RD,GARDNER,MA,014402302,42.572366450000004,-71.97690789055164,1,0
48066809-5919-3e1f-b25a-dcacc2a60415,2b84e56e-08b4-3078-b3ea-4d159208e065,Barton704 Bahringer146,M,GENERAL PRACTICE,1029 PLEASANT ST,BRIDGEWATER,MA,023242301,41.9718173,-71.00937893001648,126,0
a7e208eb-7666-3837-85c7-3d9f507044a2,4ffa4412-1493-3beb-b8f0-6614dde953a4,Harland508 Ryan260,M,GENERAL PRACTICE,363 HIGHLAND AVENUE,WAREHAM,MA,025715011,41.745636,-70.658192,339,0
df84c8ae-c8bd-34a8-8c1d-13b964337474,a14e698d-a9ba-3eae-9c8b-682ec726433d,Brian582 Cummerata161,M,GENERAL PRACTICE,776 WESTERN AVE,LYNN,MA,019052408,42.466763,-70.9494939,3,0
772da7eb-6628-3560-88c1-a2d9e6fb0a15,5ba6765a-f335-36b0-9c6a-6bb494c5330d,Clemente531 Schamberger479,M,GENERAL PRACTICE,31 OLD ROUTE 7,WESTWOOD,MA,020902333,42.2139873,-71.2244987,28,0
53b89268-2e09-3d50-be6a-f7f36e058c17,b6eeaaf7-1683-3bcb-b6ee-81ce304636ef,Zachery872 Pagac496,M,GENERAL PRACTICE,170 GOVERNORS AVE,MELROSE,MA,021763225,42.4564323,-71.064182,1127,0
e2ac540b-501d-350b-ad72-0a4bf17b31bc,ed5fc1f7-0ecb-3973-a5fc-89f80c6f5c9f,Maxine796 Homenick806,F,GENERAL PRACTICE,303 C HAVERHILL STREET,ROWLEY,MA,019692101,42.704962,-70.90837,70,0
9dd2c272-1dcf-30ea-8fae-932331165c8a,14932db8-e179-331d-98ad-dc1c352cb6d3,Lora418 Barrows492,F,GENERAL PRACTICE,743 MAIN ST,MELROSE,MA,021762707,42.460108950000006,-71.06216841036309,2,0
9da77ba5-b1e2-3155-bee4-658a4edac6c9,b03b624d-c939-3688-986d-9555b8009a3b,Trinity427 Hartmann983,F,GENERAL PRACTICE,230 MAPLE ST,HOLYOKE,MA,010405144,42.207406,-72.608419,82,0
3b66a6d6-d9d0-38b5-a3d1-95f58d0345aa,ace1ac31-036a-38fd-b451-b3b87157c717,Alejandra902 Thompson596,F,GENERAL PRACTICE,170 MORTON ST,BOSTON,MA,021303735,42.299067750000006,-71.10124351911541,65,0
c84c9190-a668-32e7-80da-e13bc6dcbb0e,18061fd5-fda8-3e2d-87f0-0f3c87211bcc,Margarite168 Koepp521,F,GENERAL PRACTICE,1493 CAMBRIDGE ST,SOMERVILLE,MA,021431408,42.3875968,-71.0994968,104,0
2833a4c7-dfa4-338b-a47a-2c0db1bd1ba6,76281d34-caff-30e0-8545-bcdf33182109,Jane262 Schmeler639,F,GENERAL PRACTICE,500 WILBUR AVENUE,SOMERSET,MA,027252051,41.72075205,-71.16843052114558,15,0
5ee40433-a35b-3fdb-a91a-37339e5e088f,4633340c-c833-30a3-ab0e-f5cfa5fda28b,Lincoln623 Trantow673,M,GENERAL PRACTICE,250 GREEN ST,GARDNER,MA,014401377,42.586896550000006,-71.98672640006858,73,0
001fa14c-412a-3840-bd2c-2ff055369baf,7e97f720-f99d-3402-98a4-a144aaa5bd01,Damian46 Hansen121,M,GENERAL PRACTICE,210 JONES RD,FALMOUTH,MA,025402974,41.5614958,-70.6117407224321,396,0
57f6385c-08b9-3e70-81e3-d3f590e7d09e,b3ada130-6443-3a8e-98c7-4ec127a2b0c4,Ned189 Haley279,M,GENERAL PRACTICE,ONE GREAT ROAD,ACTON,MA,017205601,42.4850931,-71.43284,8,0
43478c97-a1ef-3665-99c6-343a4ce6a752,d17688c1-9cc8-3e68-980f-82fe1ed685fe,Eleonore965 Robel940,F,GENERAL PRACTICE,100 TEATICKET HWY,TEATICKET,MA,025365678,41.56361395,-70.59806084770075,78,0
518342a1-2637-3793-b7e4-f75ec473af12,7489f6e0-fee6-3fff-90b6-444868eb907c,Kasey569 Rau926,M,GENERAL PRACTICE,1 KIDDIE DRIVE  SUITE 106,AVON,MA,023221182,42.130150349999994,-71.05720685110387,12,0
5b7e237a-2b6b-39c1-8946-c49125017ae8,06f1d816-dd54-3409-bd94-8dc2745f807c,Erin498 Hand679,M,GENERAL PRACTICE,12 KENT WAY  SUITE 210,BYFIELD,MA,019221221,42.75468625,-70.9451078257969,8,0
e37129ff-ade4-35a3-a7e3-b57b0677fc14,545dcda5-7471-374e-9251-b4b685197d3c,Lezlie553 Koss676,F,GENERAL PRACTICE,175 CONNORS STREET,GARDNER,MA,014402637,42.5730593,-71.99713285,68,0
ecd3bb15-60f0-3b93-bf88-b726e8f93170,1e11392b-1278-3e70-93cd-f396cbd0c265,Gino587 Block661,M,GENERAL PRACTICE,115 LINCOLN ST,NATICK,MA,017607700,42.2843753,-71.3441395,570,0
cab6edf0-cf8c-3a88-898a-164e85e91147,fe30f2b4-9bc8-346e-afba-4455d1766545,Rebeca548 Zapata667,F,GENERAL PRACTICE,17 LAFAYETTE AVENUE,CHELSEA,MA,021502010,42.40019115,-71.03050082480353,14,0
ca9dcd40-c4e9-3598-9fd9-7d8ac8f224b6,6cf8a214-8d57-3267-85e5-7719e15cd63e,Daniela614 Hinojosa147,F,GENERAL PRACTICE,170 MORTON STREET,JAMAICA PLAIN,MA,021303735,42.299067750000006,-71.10124351911541,153,0
f6c7bc1e-654d-3208-9fbe-667d2e4042d2,4bc0cc09-77e5-37f5-844d-64a6637cae54,Carlena776 Feil794,F,GENERAL PRACTICE,91 EAST MOUNTAIN ROAD,WESTFIELD,MA,010851801,42.110743549999995,-72.70066160206358,75,0
f9d3db09-f7b7-3385-b2e9-a676586f0781,3c6efeb4-3e73-3d5a-9d45-8fbf9f389bed,Wilfredo622 O'Kon634,M,GENERAL PRACTICE,40 WASHINGTON STREET SUITE 110,WELLESLEY HILLS,MA,024811802,42.2925555,-71.2956739,6,0
80c37dd9-d4b4-3fcc-a0a2-496ef2e604e0,3e16ee4b-2dc7-3e29-ab5b-0ce980c362b1,Reyes140 Sauer652,M,GENERAL PRACTICE,1200 SUFFIELD ST,AGAWAM,MA,010012933,42.04892565,-72.63626743195428,3,0
4f5c4913-0042-39d9-b508-409dc449473b,21fa25b9-6842-3a3c-bef2-2eb383ad525e,Patrick786 Langosh790,M,GENERAL PRACTICE,180 LOW ST,NEWBURYPORT,MA,019503519,42.815683050000004,-70.89666045994463,1,0
16e3b582-2e28-3839-b2c4-8c6b55d54b00,5c2e4b0c-fb84-3f95-bbec-a96c18600bf5,Earleen680 Schneider199,F,GENERAL PRACTICE,61 COOPER ST,AGAWAM,MA,010012149,42.0804485,-72.61914987322373,1,0
af6c3842-d39f-3d8b-a92b-fde0a188f5b4,df3ffcde-b9eb-3965-acdf-f56a6d1424c4,Maurice742 Brakus656,M,GENERAL PRACTICE,1 ARSENAL MARKET PL,WAYLAND,MA,017781840,42.3632063,-71.3606721,7,0
66e56284-50fe-3a4b-82a3-889dd5c62296,7a3b8310-02eb-3c47-aa1b-3f55b3ed9de9,Lauretta754 Dare640,F,GENERAL PRACTICE,6 HATFIELD ST,NORTHAMPTON,MA,010602545,42.333172950000005,-72.6566355591273,11,0
e47970cb-3f15-38b7-a68f-66b85ca3118f,ecadbc11-930c-3903-b706-f8ef4bc9089e,Erwin847 Baumbach677,M,GENERAL PRACTICE,780 CHESTNUT ST,SPRINGFIELD,MA,011031109,42.1211633,-72.60614164702717,54,0
8e243a37-a3b4-3eb1-b10b-565e382c6eea,794b1cc2-97be-30a4-83a0-4bf6add43c74,Hugo693 Gutmann970,M,GENERAL PRACTICE,215 THATCHER STREET,BROCKTON,MA,023023949,42.0740963,-70.99660306096918,12,0
ae2d0996-dc49-310e-899f-f5cc7ea43eb3,0fab3c4e-a028-39a6-b15a-be5a88b6aa2a,Miyoko154 Paucek755,F,GENERAL PRACTICE,222 STATE STREET,LUDLOW,MA,010563437,42.15547415,-72.47222226666076,366,0
2cccbf59-ded1-311e-89e6-ef70bef47fbd,3b021cb6-4745-3d9d-8436-230055f770bd,Eleni953 Franecki195,F,GENERAL PRACTICE,148 CHESTNUT ST,NEEDHAM,MA,024943238,42.27728075,-71.23665362814043,239,0
b0a46f0b-3e79-37c8-8478-9d5b0040faf0,52261c45-f32b-3666-9da7-890705373c9d,Ramon749 Johnston597,M,GENERAL PRACTICE,30 PERWAL ST,WESTWOOD,MA,020901928,42.21397175,-71.1786332019174,4,0
b2f5958c-e0be-3627-aa9f-90ee3302b023,aaa7ebaf-b1a0-38c1-ba89-a16712cf431c,Buford910 Halvorson124,M,GENERAL PRACTICE,16 PLEASANT STREET,BRIDGEWATER,MA,023242420,41.98625885,-70.97978204646246,9,0
31b7b431-9cde-344b-9c2d-d7d7fae42230,ce53c877-0290-390a-b4b4-2462001a1713,Greg949 Hilll811,M,GENERAL PRACTICE,847 ROGERS STREET  SUITE 201,LOWELL,MA,018524345,42.6275246,-71.27673639687623,49,0
02c5145d-f6eb-3782-a3b9-9ac45dfaaa11,34f0b10a-5e29-31de-a75e-e0bb03c0c0d4,Dierdre747 Leuschke194,F,GENERAL PRACTICE,56 COLPITTS RD,WESTON,MA,024931568,42.36610065,-71.3036759,150,0
14809cd6-6fcc-39ab-bad1-46ef9b230305,57e4e5fa-d68d-3caa-a5ad-37beb1b51207,Latrina689 White193,F,GENERAL PRACTICE,800 WASHINGTON ST,NORWOOD,MA,020623487,42.1886973,-71.2005241,205,0
85496245-9a04-3bd0-ad54-fc3c970baa1d,2befa435-3070-3350-a15c-e43ac1e84b24,Dee580 Schuster709,M,GENERAL PRACTICE,575 BEECH STREET,HOLYOKE,MA,010406604,42.20105435,-72.628169560868,1,0
695c6d54-9222-3211-aad7-e588e004f324,00ffb204-07b4-3c72-a678-fa252e6cf86c,Kathlene786 Satterfield305,F,GENERAL PRACTICE,450 BEDFORD ST,LEXINGTON,MA,02420,42.47370735,-71.25090005,151,0
5466f606-e67e-3d0e-8765-ec9ebcb7bd9b,ad82d624-72eb-3c7d-a76d-79f2668d1390,Georgianne697 Howe413,F,GENERAL PRACTICE,3 WOODLAND RD,STONEHAM,MA,021801711,42.452443099999996,-71.08939988105112,80,0
d6390ba7-39ae-3f86-a416-2f8e902f2f6a,b8421363-9807-3b16-a146-95336eea5cfb,Saundra460 Kuphal363,F,GENERAL PRACTICE,30 LOCUST ST,NORTHAMPTON,MA,010602052,42.33032115,-72.65330802608176,380,0
a6d6fa89-d1b9-3f63-a778-164c051f4da4,945104f1-4b95-3eed-bd02-5efa0afbf34d,Lauri399 Keebler762,F,GENERAL PRACTICE,20 CENTRAL AVE # 506,LYNN,MA,019011201,42.46410018181818,-70.9465129090909,1,0
a17ef956-7d97-3c3d-89e7-75f6c6bd128a,3076e02a-deac-3e81-96a9-1d32cbda6fca,Cecil300 Kilback373,M,GENERAL PRACTICE,59 EASTWOOD CIRCLE,GARDNER,MA,014403901,42.567006649999996,-71.97817904424542,18,0
bb0114cf-f81c-3707-90bd-34b903e56dd1,901c2d40-1ca3-3879-9a20-c663b8adc0a9,Emory494 Schuster709,M,GENERAL PRACTICE,800 WASHINGTON STREET,STONEHAM,MA,021802445,42.4863168,-71.0928919,230,0
70f1d2e2-6623-36f2-9448-76745150c913,6170552c-4d27-3e64-8068-64a380f1837d,Leo278 Pacocha935,M,GENERAL PRACTICE,76 SUMMER ST,HAVERHILL,MA,018305814,42.7786873,-71.07306505177553,191,0
cd2d8b8b-79ee-3d97-aaed-39da413ed37d,e6cc6043-299a-3581-8f6b-b3b5d62c46ae,Ellen406 Farrell962,F,GENERAL PRACTICE,532 SUMNER AVE,SPRINGFIELD,MA,011082458,42.08631583333334,-72.55792579166666,60,0
2827f504-4615-3d25-bb27-27d25c107ddf,b9e35b8a-9831-32d8-a6dc-d7a546c126b0,Andrea7 Montez99,F,GENERAL PRACTICE,111 HUNTOON MEMORIAL HIGHWAY  1ST FLOOR,SPRINGFIELD,MA,011092550,42.1018764,-72.5886727,282,0
0b909bce-1301-37a1-afe4-5b1dee615679,22249c0a-8ce9-3726-a3bb-b037c773ce5c,Leah288 Sauer652,F,GENERAL PRACTICE,337 NEPONSET AVENUE,DORCHESTER,MA,021223103,42.2875144,-71.0470691675753,80,0
78d5dc7c-d6a9-3edb-a430-77806ba58a0b,18df2721-3f76-3f83-94d5-63597cedd298,Kylee806 Romaguera67,F,GENERAL PRACTICE,909 SUMNER ST,STOUGHTON,MA,020723396,42.1005097,-71.0830269025407,48,0
12b14f98-b0cc-3bbf-94d6-2286d89db17c,38508743-50d1-3429-8fe2-37e42ddaf20e,Marth98 Mayer370,F,GENERAL PRACTICE,164 HIGH ST,GREENFIELD,MA,013012778,42.595268700000005,-72.59288632376354,52,0
fffdd574-1b2c-3b50-badd-884c63a4fbc7,27bf2e46-7445-35e7-9106-3ce1b074db47,Kathryn101 Donnelly343,F,GENERAL PRACTICE,80 BOSTON RD,NORTH BILLERICA,MA,018621034,42.5871093,-71.2948553,2,0
b9d70915-cf4e-3b7b-8481-86e56e50c567,328f813e-4de8-3ec2-a113-43f3ddfb0b2a,Eldridge510 Roob72,M,GENERAL PRACTICE,30-40 WESTPARK STREET,BROCKTON,MA,023015241,42.0834335,-71.0183787,144,0
13e8aab7-edd0-3600-a4d2-a2f3aa16707a,200746fc-5d0f-3ec7-a2a9-3d9a219ee139,Latrisha74 Rippin620,F,GENERAL PRACTICE,800 CUMMINGS PARK  SUITE 3100,WOBURN,MA,018016355,42.4977745,-71.1237712,8,0
0b7a41c9-85a9-39ac-a1a0-c960448e4121,655f2a4f-419c-39d3-8ed6-6c4117eb7e32,Gerardo48 Herzog843,M,GENERAL PRACTICE,21 MAIN ST,NORTH READING,MA,018641326,42.566971949999996,-71.10799861135133,76,0
21360022-87c1-3716-b362-91b4877cacb0,118e081c-c2f2-35cd-b9c3-ef534f1b7830,Brooks264 Ziemann98,M,GENERAL PRACTICE,1364 MAIN ST,READING,MA,018671137,42.55581805,-71.10585713492983,3,0
94afffb7-84d2-3811-be8a-5e6496626971,5018c664-e283-30eb-932a-529d9a19b3b5,Numbers230 Stehr398,M,GENERAL PRACTICE,300 SOUTH ST,WOBURN,MA,018014979,42.473347,-71.144086,121,0
74cbe449-95f8-38cb-bd4b-8de0da7b0d7b,2e8b42f8-4300-30a9-a576-d513d1021a0a,Beverlee316 Haag279,F,GENERAL PRACTICE,600 CLARK RD,TEWKSBURY,MA,018761699,42.63120935,-71.27023603178071,55,0
dfe1e4cf-fd2b-328a-8039-cfb7015a1e18,5ba77f2c-8ce5-3dde-bb46-3ffcceb3bfbf,Isidra572 Quitzon246,F,GENERAL PRACTICE,188 FLORENCE ST,CHESTNUT HILL,MA,024672641,42.31835025,-71.17401686317635,2,0
d4c1002f-0751-3d1a-a5b4-ed827de30705,4ff3563e-f909-3a06-902d-26c28d9d5355,Kirk871 Cormier289,M,GENERAL PRACTICE,876 FALMOUTH RD,HYANNIS,MA,026012322,41.6619029,-70.31909857281401,5,0
6e078c03-48d0-3e10-aefc-afce26445faf,1cff30ba-b91f-3ea2-b80b-770d67856358,Duncan491 Halvorson124,M,GENERAL PRACTICE,359 JONES RD,FALMOUTH,MA,025403341,41.5591273,-70.60352436630029,136,0
b1472b6e-d0bc-3270-8d82-56ad018e7762,b53dc1b7-43b0-3c43-a73f-304165633a59,Junior695 Leffler128,M,GENERAL PRACTICE,63 MAIN ST,HYANNIS,MA,026013202,41.6562005,-70.27336188244256,81,0
2167b6e6-387c-336a-b7b7-17282ba3d1e5,bccd7d67-203c-3d93-b6b0-bff5a146cd1d,Courtney281 Kihn564,M,GENERAL PRACTICE,286 WASHINGTON ST,STOUGHTON,MA,020721763,42.1384306,-71.1022598,699,0
613f81a6-a518-37f2-a07d-b1d713051f70,32741060-a632-36de-907b-3c21caacf07a,Eliana466 Wehner319,F,GENERAL PRACTICE,455 BRAYTON AVE,SOMERSET,MA,027262642,41.7294555,-71.16190171707717,1,0
f3b10fdd-def8-3631-a451-32c56cf31611,a2a41caf-758f-3962-8e5f-e6e603f93d17,Rhett759 Padberg411,M,GENERAL PRACTICE,111 HUNTOON MEMORIAL HWY,ROCHDALE,MA,015421305,42.2020225,-71.89891616754682,669,0
0c655cd6-3321-38ff-aa94-0cb06e0625a0,844a8cb2-4164-35b2-88b8-dffa2889a738,Alonzo487 Conn188,M,GENERAL PRACTICE,150 UNIVERSITY DRIVE,AMHERST,MA,010022232,42.368937,-72.53247107203978,17,0
94045f00-c475-31d5-aade-5ddaaed7b81b,a6fb79e7-4abb-3a68-b62d-e501427fdca4,Ricky354 Renner328,M,GENERAL PRACTICE,489 WASHINGTON ST STE 202,AUBURN,MA,015015709,42.187836,-71.83104,65,0
6f3c76a5-f2a7-3606-8647-0a489ced181d,b92c875d-5390-3cc7-9cc5-67ade724daf3,Deon400 Hansen121,F,GENERAL PRACTICE,65 COOPER ST,AGAWAM,MA,010010325,42.07895845,-72.62045515660407,1,0
c0ea6312-79fa-31af-bdbb-845dc7ea7b44,f0e3e152-0b08-3819-b962-b043f63f6dc1,Kirby843 Rippin620,M,GENERAL PRACTICE,1010 VARNUM AVENUE,LOWELL,MA,018541915,42.6422606,-71.36626685573418,10,0
5bad0473-e9e4-3533-81aa-5a56c9f4e242,ea8d287f-b3a9-3800-8798-788e334ee406,Shirly501 Kuphal363,F,GENERAL PRACTICE,81 HIGHLAND AVE,SWAMPSCOTT,MA,019072928,42.4699241,-70.9171507,141,0
d9ec921b-13f4-3cab-b7ed-1b4c82a21c50,c7542447-e06e-32cb-b6db-243c23a0dbc2,Carson894 Krajcik437,M,GENERAL PRACTICE,30 WARREN ST,BOSTON,MA,021353602,42.3501483,-71.14393324457691,107,0
93f29c7d-df5d-3bc2-9d87-116d6c0f173e,0b2738b6-7911-3aa4-8b6e-7e1df7c14fe1,Kayleen757 Stokes453,F,GENERAL PRACTICE,888 N MAIN ST,BROCKTON,MA,023011668,42.1061239,-71.02807965450519,5,0
f08d45d3-10cf-34f3-8e40-33965e531865,9d2a1656-0f4d-30d1-bc63-eb365a05529c,Maynard46 Ward668,M,GENERAL PRACTICE,235 N PEARL ST,BROCKTON,MA,023011794,42.09805395,-71.0609587194362,19,0
011f9a8a-5bd6-3230-9bd1-cb0e86ca2d0a,aba3e6f6-4562-342e-b90f-dd61b117f394,Maryjane289 White193,F,GENERAL PRACTICE,438 CHESTNUT STREET,SPRINGFIELD,MA,011072008,42.11291091861002,-72.59692685125127,3,0
cdec613f-a86d-33f7-b672-bc97411e3f62,eee00932-ca82-36bc-b7e8-e3fff6dbaeaa,Cira533 Hane680,F,GENERAL PRACTICE,450 BROOKLINE AVE,WEYMOUTH,MA,021893141,42.2212188,-70.9391625,1533,0
ae93db63-58a6-379b-a8eb-eb5d4196a736,be509ccb-bfb7-3b87-8945-8426b689ef9d,José3 Amaya149,M,GENERAL PRACTICE,2049 DORCHESTER AVENUE,BOSTON,MA,021244742,42.3554334,-71.060511,53,0
125abb1f-2224-3ffc-8094-15a9b447065c,6f90eaad-abe3-3ce0-b9a6-2031c5674f0d,Claribel706 Wuckert783,F,GENERAL PRACTICE,800 TURNPIKE ST STE 300,NORTH ANDOVER,MA,018456156,42.66074825,-71.10724143845708,51,0
e09b9c3f-3f1a-3a61-81a2-c0a9f50f87e3,065eba51-cef7-3976-8654-ba8e7df887ce,Traci329 Block661,F,GENERAL PRACTICE,1165 NORTH PLEASANT STREET,AMHERST,MA,01002,42.40927615,-72.52971238527101,14,0
fc5fb245-aab3-3b6d-8c02-31a75acf2e4d,f8918a95-31e8-3ac4-8d12-29ca6080ebda,Lorenzo669 Benítez559,M,GENERAL PRACTICE,199 REEDSDALE RD,MILTON,MA,021863926,42.251368299999996,-71.0768393856917,857,0
e98b8848-59b0-3ba7-ab7c-b1269cdc028a,0ec04450-c150-322d-b2c3-1449d672a23c,Yolando662 Huels583,F,GENERAL PRACTICE,110 W SQUANTUM ST,NORTH QUINCY,MA,021712122,42.27259075,-71.03082765,94,0
6e5e3e6b-acad-39c7-8e24-55f4556a3f9a,3ff0f58b-7a1f-3334-9449-ff15f68b7d86,Winston220 McCullough561,M,GENERAL PRACTICE,275 SANDWICH ST,PLYMOUTH,MA,023607761,41.94186605,-70.6455366462985,344,0
39f7ed67-6e7c-30f3-ad5e-c729273939e1,70e3ad4f-b9ff-3f3e-9990-2cd7e23a9d1c,Zane918 Bosco882,M,GENERAL PRACTICE,1238 RIVERDALE ST,WEST SPRINGFIELD,MA,010894675,42.1373438,-72.62624707492338,15,0
1f162f30-8158-30fa-baeb-879b7f8bfaee,dbe1e521-57da-3855-9aa0-aabadbd17e32,Joline447 Stark857,F,GENERAL PRACTICE,454 WASHINGTON ST,NORWELL,MA,020612050,42.1592792,-70.85480698781902,7,0
905dd73a-662c-3b7e-a6e8-32bc9714fe52,dbb0b9c3-e4f7-3fe9-9d53-7289f69a4211,Domenic627 Grimes165,M,GENERAL PRACTICE,500 GRANITE AVE,MILTON,MA,021865626,42.25526705,-71.03889973111342,8,0
3aafd90c-d891-36a2-8d9a-57ccbacec0a3,004554b4-3068-3938-832d-fa7cbe1cd1fb,Luba688 Littel644,F,GENERAL PRACTICE,25 STONEHAVEN DRIVE,WEYMOUTH,MA,021903951,42.1589443,-70.94970431672323,24,0
44fdff34-5148-3fc5-be33-8e244ac359da,2c708a72-2e25-36a1-8209-d2a708874eff,Kyoko885 Strosin214,F,GENERAL PRACTICE,1324 BELMONT STREET #202,BROCKTON,MA,023014435,42.057156895761736,-71.06994368825448,7,0
aefb3a6b-e363-37ee-aff1-ed991c050b8e,63b4f233-fb49-3b1e-a17c-2d572367b131,Tanika746 Baumbach677,F,GENERAL PRACTICE,2222 CENTRE STREET,WEST ROXBURY,MA,021324034,42.27370345,-71.15856364656862,10,0
1afa279f-95ac-3978-9296-d11054ab7f4c,87472bc2-7c23-37cc-8355-7f3e88614b6b,Leilani136 Kris249,F,GENERAL PRACTICE,305 MAPLE STREET,EAST LONGMEADOW,MA,010282765,42.059258494749486,-72.53388585052694,10,0
da5a00bb-8501-3620-a7c4-dfc0d633c7ba,7a5f7ae1-8437-3f5e-b788-5c2ad57f0a0b,Millicent213 Mertz280,F,GENERAL PRACTICE,29 ORCHARD ST,SOUTHBRIDGE,MA,015504003,42.076356200000006,-72.04167805,141,0
5685421a-e029-320b-aeda-61cb8e711a82,b69bccdc-5ad3-3ded-a018-3cd8f369c9d2,Marleen824 Ziemann98,F,GENERAL PRACTICE,120 S MAIN STREET,CENTERVILLE,MA,026323246,41.649898300000004,-70.34309844876677,34,0
ac82a0c7-9e67-3935-9094-d2083ed5872f,de32e6d9-848e-35d4-a217-e62eb5e0bc7b,Rayford811 Abbott774,M,GENERAL PRACTICE,77 HIGH ST,NEWBURYPORT,MA,019503071,42.8055312,-70.87001791778893,1,0
d57c890f-45ce-3348-9cf9-573a6da13fc0,a2cc09de-c1e2-3126-8c09-d49f95225281,Cristi782 Leannon79,F,GENERAL PRACTICE,300 LONGWOOD AVE,WALTHAM,MA,024532741,42.3756401,-71.2358004,256,0
96983f83-f8c5-33b2-bd0e-5938b168c57e,175787c9-37d1-308a-9d33-a6ff513ee320,Pablo44 Roob72,M,GENERAL PRACTICE,804 PLEASANT ST,BROCKTON,MA,023013055,42.08723215,-71.05285860302956,1,0
f86d4c88-010d-3518-a337-761d79124177,5c896155-eb9a-383e-9162-a43ebb7f1cc5,Sammy219 Mayert710,M,GENERAL PRACTICE,400 LINDEN PONDS WAY,HINGHAM,MA,020433784,42.1972249,-70.91712645007524,21,0
1562047d-a2c6-3d34-a9f6-c1cfb285a58e,bebc1dac-6c42-3225-b0ba-23278cdf2a62,Cherry401 Hackett68,F,GENERAL PRACTICE,464 MAIN STREET,AGAWAM,MA,010011826,42.07695165,-72.62026217030348,34,0
c439927f-ea64-326b-b8f0-d124757d69ec,ce4d0501-49eb-396a-bc56-545fdfc624b0,Mauricio81 Daniel959,M,GENERAL PRACTICE,1 HOSPITAL RD,OAK BLUFFS,MA,025571406,41.46063105,-70.57989080295974,1969,0
081f4a1c-ba61-30a4-8848-261bcecf8d31,1ef8d603-bec1-35f5-a830-2a0b919cf47f,Thresa531 Kutch271,F,GENERAL PRACTICE,1801 TURNPIKE STREET,NORTH ANDOVER,MA,018456322,42.6355548,-71.0761760490546,8,0
eed9658f-c7ce-39bd-82f1-6b7e4a557653,154cc5db-4906-3411-8aa3-39902c6b3af2,Kylie930 Hilpert278,F,GENERAL PRACTICE,12 VICTORIA LN,STONEHAM,MA,021802221,42.4916624,-71.10288588889674,88,0
542c4f88-aff7-35ba-959f-dbc21ca6352d,06cc2462-430f-3322-9c87-7e971125f510,Kai187 Mann644,F,GENERAL PRACTICE,133 OLD ROAD TO 9 ACRE COR,WESTFORD,MA,018863198,42.5792583,-71.4378411,158,0
d51200d5-9478-3d1a-9b82-2dbf8578b366,479427f6-9419-3eba-b2c2-b037b4b89493,Karlene380 O'Keefe54,F,GENERAL PRACTICE,180 GEORGE WASHINGTON BLVD,HULL,MA,020453069,42.2630377,-70.8606109,138,0
7b85b04c-169c-3e2c-9e4b-a14e314cba7b,ebf42c2d-b477-397a-a403-f74f0c6cf53a,Augustus49 Murphy561,M,GENERAL PRACTICE,16 GREENDALE RD UNIT 2,BOSTON,MA,021261650,42.3554334,-71.060511,19,0
99f2e8c5-dae8-3c6f-bcfb-1d72ccdadb98,0c6e2aac-bd59-351f-a144-b2a6855c50f8,Mitchel812 Conroy74,M,GENERAL PRACTICE,319 CONCORD ROAD,WESTON,MA,024931310,42.3828732,-71.3206139,1,0
3a36d0c3-f89a-3fff-9af8-7b0f6fbb9482,8e1aab52-fc16-3b51-ac7b-30379ebf5630,Maria750 Durgan499,M,GENERAL PRACTICE,168 INDUSTRIAL DR,NORTHAMPTON,MA,010602379,42.335726,-72.63284732269418,18,0
9fc07c09-8d5a-3987-8e35-b7dc820578db,ee7fab6f-6438-394f-b1f2-3e452f8f055a,Domonique463 Satterfield305,F,GENERAL PRACTICE,75 BRIMBAL AVENUE,BEVERLY,MA,019156009,42.570099299999995,-70.87108224250409,38,0
e25d249d-4a29-359e-9b7e-f91e15dec9bf,af570aee-a397-372c-8eba-5c2b18662b0f,Samella245 Runolfsdottir785,F,GENERAL PRACTICE,800 W CUMMINGS PARK STE 2250,WOBURN,MA,018016372,42.4961562,-71.1258904921298,79,0
a442f4b7-b49b-3a1e-b87d-2d9ee199f785,907b1d2f-2bf8-31b5-abc2-14d6b75faa96,Ellis535 Ernser583,M,GENERAL PRACTICE,340 MAPLE ST,MARLBOROUGH,MA,017523200,42.3358161,-71.54106510218209,70,0
c0edad8d-416b-3616-b038-79020d5e8801,1ce0d1a3-b507-3ad1-afc5-b25bfe48b8dc,Margarito178 Welch179,M,GENERAL PRACTICE,10 PEARL STREET,STOUGHTON,MA,020722364,42.125716800000006,-71.1025481568314,2,0
55d6c4f9-7129-3011-bdd9-d6395fdd0537,922d1031-d968-39c2-b73c-d5a495c39068,Todd315 Steuber698,M,GENERAL PRACTICE,350 LINCOLN ST STE 1102,HINGHAM,MA,020432801,42.248735,-70.9209846,65,0
8791edfb-df3f-3850-a349-21b36d8c0000,352f2e3b-0708-3eb4-9f7e-e73a685bf379,Araceli695 Willms744,F,GENERAL PRACTICE,157 UNION ST,SOUTHBOROUGH,MA,017721215,42.3056501,-71.5245087,97,0
3c78cd79-8651-3f6f-a6ae-2d28f609d352,ef95a6b4-cf95-32c2-b6e5-0488faaa3ac4,Jacques50 Walter473,M,GENERAL PRACTICE,259 LOWELL ST,SOMERVILLE,MA,021442666,42.3922293,-71.1061564,23,0
f6a08ae7-1164-3e0a-b461-0a76b1988921,e34d8448-8b98-3f91-9fe7-faeb8a78e1db,Jill895 Monahan736,F,GENERAL PRACTICE,NEW ENGLAND SINAI HOSPITAL,MILTON,MA,021862377,42.2501425,-71.065573,147,0
4639f5e0-0a8a-3e07-9b89-9ce5472526b3,2164ee72-e9d8-312a-8bf4-a4abc55771b7,Alva958 Ritchie586,M,GENERAL PRACTICE,84 CHAPIN ST,SOUTHBRIDGE,MA,015502408,42.073771750000006,-72.03709326666669,3,0
0468e8e6-2a1a-31e7-960e-0f62e16ab18f,a2d45ee8-b930-3169-b612-f602961ad212,Florance664 Leannon79,F,GENERAL PRACTICE,37 MINUTEMAN WAY,SHREWSBURY,MA,015452229,42.288207,-71.73443816915585,73,0
c495ba3e-f29b-35f2-a1e4-4171c8e89c00,8213f591-b5fe-3cf5-a9c4-36729d16b75e,Kellye282 Hessel84,F,GENERAL PRACTICE,120 LONGWATER DR STE 200,NORWELL,MA,020611653,42.15682485,-70.8792143504961,10,0
2bce9adb-a335-3893-9285-b3bfc8a10bd3,a767ef82-13a7-356f-8fb8-5e8869426bda,Chauncey770 Willms744,M,GENERAL PRACTICE,3 HARVEST CIR,LINCOLN,MA,017733213,42.44715,-71.319067,2,0
b1ebac57-35fd-3851-b3c6-7d3acda0754c,10ffe7b1-2f94-3f12-9288-679da05a1ec9,Brendan864 Hintz995,M,GENERAL PRACTICE,133 LITTLETON RD,WESTFORD,MA,01886,42.57056335,-71.41736646422413,57,0
e9fd0c6d-c4f7-3dd5-9665-cafa5fa42c74,fa34d205-5ac2-3ba2-80a4-bef345dc57f5,Shawnna218 Daniel959,F,GENERAL PRACTICE,37 BROADWAY,ARLINGTON,MA,024745552,42.408086,-71.135914,2,0
b6f81167-93d9-3b37-b7e1-34ed9fe649cf,d0894f6b-78d7-338d-82ad-b63de4d40014,Dewayne363 Lemke654,M,GENERAL PRACTICE,330 MOUNT AUBURN STREET,WALTHAM,MA,02452,42.3756401,-71.2358004,150,0
6e4fc1c4-83d1-3ee3-a027-3a3167a65240,3d5fbf38-c781-3e04-8c7e-5a402611b7d4,Vito638 Barton704,M,GENERAL PRACTICE,260 ELM ST,SOMERVILLE,MA,021442951,42.3955992,-71.1227391,184,0
b3f28414-696c-36fc-b563-b4a97ef180be,e119dcbb-0c33-3ec1-bf97-5f477799e5cb,Karey608 Kerluke267,F,GENERAL PRACTICE,312 MILLBURY AVENUE,MILLBURY,MA,015273622,42.22515325,-71.75735371350069,1,0
f0184f9f-613a-395b-8f1e-10ad9a8aeb03,7ac466c6-7968-33fd-882c-6d5418f88c8a,Javier97 Deleón21,M,GENERAL PRACTICE,2 MEETING HOUSE RD,CHELMSFORD,MA,018242700,42.60140085,-71.35097894451894,143,0
4262c576-8951-312d-be0d-1756fd6a9b90,52efa2e5-007f-3396-a83a-28ca015f0595,Walton167 Turner526,M,GENERAL PRACTICE,20 N PARK AVE STE 2200A,PLYMOUTH,MA,023604090,41.960434631488596,-70.67007876763536,56,0
dbc79e99-1a7c-30d3-a917-4dfa27150f77,1b91b604-2a45-3bc5-9b1e-139147c8024d,Maybelle917 Murphy561,F,GENERAL PRACTICE,333 FRONT ST,HOLYOKE,MA,010402743,42.207294,-72.604819,26,0
de960c72-2c67-3d5e-ae26-999810915403,eb7b9a53-ce15-3de6-85b9-4aa4e3f26bac,Sonny285 Witting912,M,GENERAL PRACTICE,194 BOARDMAN ST,HAVERHILL,MA,018306405,42.77171213955692,-71.05879730251671,4,0
875bb5ff-504d-3258-8c63-9c77ab2a4a79,19439108-9835-38fe-8ee2-1226a355cfba,Georgeann302 Kunze215,F,GENERAL PRACTICE,694 WORCESTER RD,WELLESLEY,MA,024822837,42.2964859,-71.2925571,26,0
235dcc38-1530-37ad-bac7-3b6f7bdc74b3,69d4b208-8ef3-3f98-aea1-ae44596db563,Jonathan639 McKenzie376,M,GENERAL PRACTICE,67 CODDINGTON ST,QUINCY,MA,021694511,42.25284595,-70.99994421220092,10,0
27265180-d670-3218-8942-0835da498c99,fd938c9f-a355-3ec7-96f8-516240ea1ba2,Sylvester827 Beahan375,M,GENERAL PRACTICE,529 MAIN ST STE 126,PLYMOUTH,MA,023604842,41.7664657,-70.7266525,20,0
84815f0b-1af8-3a0a-b8c3-58dc89dbe8dc,94ac48ba-e215-3ab9-ba88-a0b926d29cef,Barton704 Hahn503,M,GENERAL PRACTICE,300 WINTHROP STREET,MEDFORD,MA,021552311,42.421527,-71.11834,34,0
e5b95497-0f12-38e0-b6ea-0ab388ad850c,8ce066ae-10ad-3679-9272-387e8cb21947,Bettye671 Tromp100,F,GENERAL PRACTICE,3 CHERRY ST,NEWBURYPORT,MA,019503928,42.80038345,-70.87664535540449,51,0
d6379c56-f334-330e-9641-9e8368c5fc20,8395b012-c9c6-3b96-a7f9-edd24c9a3006,Raymundo71 Crona259,M,GENERAL PRACTICE,123 SOUTH STREET,PLYMOUTH,MA,023602945,41.9432166,-70.6595797,2,0
dbe3a4f8-987c-3e09-9ba4-97c4c9e7f5ed,a855314b-4fb5-37fc-8015-5caa96c928b1,Terrence276 Kiehn525,M,GENERAL PRACTICE,759 CHESTNUT ST,SPRINGFIELD,MA,011991001,42.121522049999996,-72.60300615153007,63,0
5ed090f4-08ab-3992-a118-779e734b7042,48a6d3ab-50ef-349e-8945-2558a78f378e,Mercy752 Kuhlman484,F,GENERAL PRACTICE,795 MIDDLE ST,SWANSEA,MA,027774114,41.730919,-71.208117,151,0
f95faf32-3915-3e4f-9622-6b7146b8ef6c,0a8a4b11-d0b8-3cd2-92cd-983de5189cfa,Del587 Nicolas769,M,GENERAL PRACTICE,111 BIRCH STREET,LYNN,MA,019021574,42.47859105,-70.93458444045801,14,0
c7918947-b819-38dc-82c5-19a94e67ad93,7b20d1c4-c56b-3647-801c-5e4e13679073,Riley817 Prohaska837,M,GENERAL PRACTICE,275 SANDWICH ST,PLYMOUTH,MA,023602183,41.94186605,-70.6455366462985,14,0
1ab4cfc6-dd5a-3c03-9e60-7ce79f4279d7,281525ef-5743-34a8-9339-66c8b4be6668,Dane516 Crona259,M,GENERAL PRACTICE,555 PLANTATION STREET,WORCESTER,MA,016052376,42.2907683,-71.7649752,2,0
68b42c90-87ca-3972-95f2-fcaf88a47acb,3e97ce4f-3ad7-3cea-883f-e2bb4ca89d83,Fidel864 Swift555,M,GENERAL PRACTICE,30 NEW CROSSING RD,READING,MA,018673270,42.51809619399502,-71.0959083715027,44,0
3455133f-094d-3749-bedb-3038c0364ad1,4f59f709-8b84-3d27-a04b-c6b7b5544413,Natividad796 Davis923,F,GENERAL PRACTICE,70 BOLTWOOD WALK,AMHERST,MA,010022271,42.3768779,-72.51840280783739,364,0
f55d3bbb-71f3-34f7-9506-48ea2c1b0015,6d6ef57e-b2ce-3a69-bacf-4305c51834b0,Lesha323 Skiles927,F,GENERAL PRACTICE,186 HIGHLAND AVE,SOMERVILLE,MA,021431507,42.38845955,-71.10666839512322,3,0
58c2ab9e-a060-314e-924a-7a7977a2df24,cc400ddc-c38d-3604-8d89-cea21555719f,Irene779 Kirlin939,F,GENERAL PRACTICE,87 CHESTNUT ST,NATICK,MA,017603644,42.293559188306446,-71.35158050924959,63,0
4ab846cb-39e0-3a1b-b317-a2b8b404a126,51370692-6296-3150-8672-559fc73f964f,Almeda560 Okuneva707,F,GENERAL PRACTICE,75 FRANCIS ST,WEST BRIDGEWATER,MA,023791542,42.0219112,-71.019004,196,0
8c1a0dfc-3dba-3fcc-9da2-efdaf126c476,cdc87240-38e9-36f8-959b-706642e01e11,Vicente970 Armstrong51,M,GENERAL PRACTICE,243 CHARLES ST,STONEHAM,MA,021803559,42.4814675,-71.0924311,337,0
b3998074-8138-3064-965a-51889d312c81,c6b019eb-28ec-36f6-abf3-bcc4d1d58966,Sherwood961 Aufderhar910,M,GENERAL PRACTICE,33 AVON ST,WAKEFIELD,MA,018802310,42.50403445,-71.07462951514611,72,0
cd68b87d-b801-3bc6-a4f8-92d7ccc54cb9,31e00f85-6909-3d9f-afc6-5ae507ab0c06,Josephine273 Collier206,F,GENERAL PRACTICE,382 GROVE STREET,BRAINTREE,MA,021847324,42.189369400000004,-70.98451984814267,135,0
b8c1db32-b71d-3465-8e4b-5af5f87eb8cd,b3312a2d-37e9-35a8-b50d-6c165c437baa,Lorretta561 Reinger292,F,GENERAL PRACTICE,45 DIMOCK ST,ROXBURY,MA,021191029,42.32030665,-71.09721114916246,10,0
7378f792-3d4c-3bc6-9417-cc71a5af90e7,2836d9ac-c6a6-39d1-8f13-fdf0fc8928f4,Carlton317 Koch169,M,GENERAL PRACTICE,365 EAST ST,TEWKSBURY,MA,018761950,42.6069472,-71.2180803,983,0
66669607-da27-3d4d-b2b6-4d99abbcac2e,a2f8d8fe-665e-390f-8b9b-efdc0b14a77c,Pearlene638 Towne435,F,GENERAL PRACTICE,161 JACKSON ST,LOWELL,MA,018522103,42.6425382,-71.3093946,12,0
136fa9b3-503f-3693-b59e-18d259781880,82c72223-f521-3a34-9b9b-4ff366365399,Shon148 Reinger292,M,GENERAL PRACTICE,2100 DORCHESTER AVENUE,QUINCY,MA,021691870,42.2509914,-71.0037374,308,0
b0073f05-a91f-37b4-ad50-e59966f74c4f,15e26ce3-9006-3ce2-9327-493180a15ec1,Luvenia178 Breitenberg711,F,GENERAL PRACTICE,6 GROVE ST,NORWELL,MA,020611534,42.172231693916025,-70.87836493029226,300,0
0ec17c14-73f6-3f8f-a1d5-7cee0862b55b,423ee6a6-6928-3a01-a49d-9687361747a4,Lashunda872 Yost751,F,GENERAL PRACTICE,7 LORING HILLS AVE,SALEM,MA,019704267,42.48646565,-70.90338797731044,2,0
77ee8ed5-e760-3f02-ab41-740363d2ee41,7c625dc4-2593-31eb-95fd-6a912832b8bb,Ronny764 Braun514,M,GENERAL PRACTICE,980 WASHINGTON STREET  SUITE 124,DEDHAM,MA,020266704,42.228918,-71.18501264023513,20,0
42f35cd0-0841-3c9c-bc95-1309f463756e,f22bc2ac-f8bd-3f9f-9a40-93db37639d3f,Kirk871 Erdman779,M,GENERAL PRACTICE,735 ATTUCKS LN,HYANNIS,MA,026011867,41.6747631,-70.29768515601289,92,0
8e52e2cd-8184-3808-98b7-cb1d574f5217,04b252db-4231-3cb5-963d-6f096fb4b97c,Horace32 Grady603,M,GENERAL PRACTICE,1177 PROVIDENCE HIGHWAY,NORWOOD,MA,020625019,42.194543,-71.1994976,6,0
c239fac0-f91d-3aa7-83c9-e071311fe183,e2eab39c-5195-34aa-b35f-e89e37cfed01,Miguel815 Roberts511,M,GENERAL PRACTICE,55 FOGG ROAD,WEYMOUTH,MA,021893141,42.175539799999996,-70.9539153674405,246,0
d8d54db7-2fbf-37dd-9aab-c3427f0f7eca,4fa8411f-42f8-3353-8947-bf15254c9dee,Jess275 Gutmann970,M,GENERAL PRACTICE,90 GREENWOOD STREET,WAKEFIELD,MA,018804039,42.476321150000004,-71.06922169005762,19,0
7582533a-0fe2-3a5a-9ca6-64e055698863,1de7e7d9-9a7a-3a3f-bf4c-b4de450711f2,Vince741 Morissette863,M,GENERAL PRACTICE,198 LITTLETON RD,WESTFORD,MA,018863429,42.564282,-71.42620615382347,2,0
74a22015-323f-3aa5-ba17-d4e8f4d54be4,68503514-203a-3202-ac09-ea411c96caec,Mellissa304 Kovacek682,F,GENERAL PRACTICE,309 TEATICKET HWY,TEATICKET,MA,025365625,41.568302200000005,-70.59404025373951,77,0
e850b307-f498-326e-a420-6e41f6001773,f52777bd-7313-3b27-8dd5-cd3f87bd3275,Larraine124 Torphy630,F,GENERAL PRACTICE,9 HOPE AVE,WESTWOOD,MA,020902914,42.2139873,-71.2244987,137,0
c4071f57-f720-39a5-8031-1ed4789bd9ed,05cc5056-7af4-3afb-9a5a-d7a1c23a2509,Francis500 Lehner980,M,GENERAL PRACTICE,2069 ROOSEVELT AVENUE,WEST SPRINGFIELD,MA,010892595,42.105237,-72.6213712,5,0
deedaea3-7d7c-3286-ab16-87904ff69559,4f4fffcb-94bb-347f-8b11-c69730e73d9b,Eleonor544 McCullough561,F,GENERAL PRACTICE,10 TOWER OFFICE PARK STE 306,WOBURN,MA,018012120,42.5022739,-71.1239764,35,0
65d83257-c268-3b2e-988e-e143edbf2d58,497f39dd-280e-3d58-af5b-c5e3a3a09b10,Randy380 Bergstrom287,F,GENERAL PRACTICE,27 PARK ST,HYANNIS,MA,026015230,41.65363635,-70.27352219234834,982,0
55a54999-ecf1-324f-98fe-eb982343c9d2,5608c6ae-1f1d-368e-8172-aea4d9d2aefd,Jerónimo599 Tello902,M,GENERAL PRACTICE,12 KENT WAY STE 210,BYFIELD,MA,019221221,42.75468625,-70.9451078257969,1,0
3445b947-19f7-30f0-874a-17a8392c4b4d,0d7fd824-1c7b-3f8b-a662-f6c2005e82e1,Lyndon118 Trantow673,M,GENERAL PRACTICE,88 MASONIC HOME ROAD,CHARLTON,MA,015071394,42.1389039,-71.9782681,20,0
19d163f3-aed7-3140-a9e6-ca7b63f8145e,7445ae34-b648-3d3a-b8cf-0eb630061b6e,Brenton674 Pagac496,M,GENERAL PRACTICE,34 CEDAR ST STE 4,WEST ROXBURY,MA,021324338,42.2792649,-71.1494972,3,0
9bfee429-8853-369d-8614-d56e3226a323,18a96051-91f4-3cba-af96-056ea14dfee0,Silva841 Grimes165,F,GENERAL PRACTICE,25 HIGHLAND AVENUE,NEWBURYPORT,MA,019503872,42.81369325,-70.89091645747592,87,0
5d6a759e-4585-3bb5-885b-32dc93c393fe,c2e93fb4-abf2-3210-b6ec-4d1ecb2b76f0,Francene766 Halvorson124,F,GENERAL PRACTICE,62 BROWN ST,HAVERHILL,MA,01830,42.76512700000001,-71.04617174286321,67,0
02df86ae-f741-3cda-99fb-bf043ce4d358,f00601d0-d49e-30ed-bc3e-314379f2103e,Elijah719 White193,M,GENERAL PRACTICE,490 MAIN ST,MELROSE,MA,021763841,42.4550741,-71.0654799,116,0
a8fc2d96-f12c-34a9-978c-6c498322d8cd,71a1e089-024e-3255-a536-9204586fa4fc,Allyson474 Doyle959,F,GENERAL PRACTICE,1 GORHAM IS,WEST YARMOUTH,MA,026733200,41.6501114,-70.2411312,1,0
c6c05179-c769-3877-8cf8-a4b449ced470,69195f53-626c-3031-b4de-d0b206f75d8c,Ronni748 Wiegand701,F,GENERAL PRACTICE,174 FOREST HILLS ST,BOSTON,MA,021303353,42.306401050000005,-71.10237442688054,1,0
d729afe5-8249-3897-bf18-b7018f751132,b44955d1-f0e2-3beb-a013-708a81dbe430,Idella49 Runte676,F,GENERAL PRACTICE,680 CENTRE ST,WEST BRIDGEWATER,MA,023791600,42.0219112,-71.019004,74,0
fda855d0-4f1c-348f-8e45-b9e5ee9d99ff,363631be-d437-3548-98c2-d10b909c1721,Monty345 Ferry570,M,GENERAL PRACTICE,50 MANSION DRIVE,ROWLEY,MA,019691026,42.73718535100735,-70.88053187301136,1,0
a066b704-0ac4-35ab-83a5-4ad47a53b147,1d45436f-15a9-326e-a452-2e9ffc9fc5e5,Odilia72 Mraz590,F,GENERAL PRACTICE,75 SPRINGFIELD RD,WESTFIELD,MA,010851832,42.111428849999996,-72.71189899299209,85,0
017a0855-a9a6-360e-8cd1-1c48a998d960,e4dbbb2f-5a51-341d-b5a5-dd91b968b217,Errol226 Gaylord332,M,GENERAL PRACTICE,329 WASHINGTON ST,NORWELL,MA,020611737,42.16319935,-70.86354427737673,2,0
35950309-30ec-3906-864d-b3330a424e44,d3335d07-2a2c-35d7-9b87-c022393b6793,Nancie476 Lubowitz58,F,GENERAL PRACTICE,137 NICHOLS STREET,NORWOOD,MA,020622009,42.1930792,-71.20868232395514,23,0
18389852-4eb9-3931-b303-7a4675bf844c,0d1570ab-371c-3898-9397-95905d8c5166,Santina680 Dicki44,F,GENERAL PRACTICE,750 WASHINGTON ST,BOSTON,MA,021111552,42.3499038,-71.0631836,89,0
099244c5-6c0d-301c-abde-c37456d04d28,1853aeef-5897-326a-80d6-aa4b0459eb6d,Kendra609 Kassulke119,F,GENERAL PRACTICE,381 WICKENDEN ST,ATTLEBORO,MA,027032247,41.9438129,-71.2806515,2,0
415df0c1-68c9-35dc-a516-82ab0879c79b,4b7e26e6-e5b1-38c9-b4ac-fde9a0f93177,Maggie320 Eichmann909,F,GENERAL PRACTICE,38 BROAD STREET,QUINCY,MA,021694604,42.2560352,-70.99469254391217,198,0
479c9ca6-bd5c-3ad5-819e-c69387525110,f3030ee3-dfa5-3595-b684-9769e52a580a,Carter549 Torp761,M,GENERAL PRACTICE,88 MASONIC HOME ROAD  DAVENPORT BLDG  2ND FL,WEST SPRINGFIELD,MA,010891357,42.105237,-72.6213712,1,0
9379d82e-2d62-33ca-a083-18b0c83a8ccc,bdaa3017-130e-34e9-b3ac-ca6d992e8b50,Jesenia223 Bednar518,F,GENERAL PRACTICE,150 WATER STREET,HAVERHILL,MA,018306213,42.77508795,-71.07182802882255,7,0
59e63b1a-7135-34cf-82e0-1a0c237fd5ae,8a87ef73-eaa2-340a-bec5-c3cef01ef836,Kristle148 Rodriguez71,F,GENERAL PRACTICE,3 PARK DR,WESTFORD,MA,018863511,42.556814700000004,-71.43463308318695,2,0
67e79203-ec10-3ae2-83bb-2c6340b1a7c9,2ca615f3-87f7-3283-a447-d919a883b676,Elizbeth263 Dickinson688,F,GENERAL PRACTICE,1399 WASHINGTON ST,HANOVER,MA,023391653,42.1441354,-70.8440854,115,0
45dbfb48-9646-311e-9c1c-19067d252f88,c0a33465-d309-3d2a-932e-9d554a7cc19c,Veronika907 Rogahn59,F,GENERAL PRACTICE,100 CENTURY DR,WORCESTER,MA,016061244,42.3138278,-71.7707002,147,0
d9aa9e0a-bf6c-39fd-92c1-96f1cbb85e2e,5e0ceaa0-5254-34c4-b5a7-ddc919790121,Columbus656 Goodwin327,M,GENERAL PRACTICE,HOLYOKE CARE CENTER LLC,HOLYOKE,MA,010402701,42.2071434,-72.60765,2,0
28deca0e-49d2-3d6d-bdd8-c91fd334d7f2,8dfd8248-d6cc-3d0d-abfe-b3ac8d91ab70,Adela471 Armenta418,F,GENERAL PRACTICE,34 PEARLY LN,GARDNER,MA,014401736,42.59408525,-71.96218719634496,8,0
5553944c-6e85-3755-aa40-37adc86a68c2,cac6f8b3-eafd-31b3-9fa3-8015752ccc2c,Celine582 Pagac496,F,GENERAL PRACTICE,123 SUMMER ST,WORCESTER,MA,016081216,42.26496835,-71.79655403681465,217,0
c7121214-84b5-3079-9846-ef0c71f7aeb3,e02d9c87-52cb-3f3c-9f97-fe95f260c437,Sheldon401 Hoeger474,M,GENERAL PRACTICE,321 MANLEY STREET,WEST BRIDGEWATER,MA,023791022,42.0338457,-71.05496436428572,2,0
b938e9f3-8b88-3615-aa9d-a7a554f04e02,9c9d017c-0a4d-3e03-9802-4d310ea05c71,Isiah14 Schaefer657,M,GENERAL PRACTICE,70 FULTON ST,BOSTON,MA,021091402,42.362439499999994,-71.05377386223965,2,0
69c41b2d-0e54-384f-ada9-6c6a726348ae,ea468462-3080-302e-b405-9127a396c310,Caroll955 Rowe323,F,GENERAL PRACTICE,600 CUMMINGS CTR STE 270X,WOBURN,MA,018013200,42.4792618,-71.1522766,3,0
5ac08164-344b-3f94-a8e1-ee96e418a6fa,9fdce5d5-d4d0-3156-a8d5-8757bfe4e9b3,Rosario163 Kilback373,M,GENERAL PRACTICE,1 FARMER CIR,ARLINGTON,MA,024742866,42.42405225,-71.16792616556859,28,0
164e5769-dbec-36d6-b139-24ab6c459d47,c5742266-625d-3824-9ed3-4b5c6bc3e296,Erica194 Goyette777,F,GENERAL PRACTICE,22 BRAMHALL ST,SCITUATE,MA,020664312,42.1939754,-70.7697128,75,0
fc834ad2-6a6f-3927-bb9a-a9ea5ee8f279,b242f971-3c74-3778-b148-81366c1e6a3f,Leland44 Bernier607,M,GENERAL PRACTICE,10 CAREMATRIX DR,DEDHAM,MA,020266149,42.2270762,-71.17237295563174,537,0
41463ff8-7be6-3586-8072-2ce0dea2e460,51e96f40-2058-378a-b3bd-d83c50d5cbcb,Winter723 Jones311,F,GENERAL PRACTICE,200 NICKERSON RD STE 110,PLYMOUTH,MA,023602480,41.75001,-70.632075,7,0
20162870-3848-3629-9ccf-e5016ac12249,aad05540-c9cb-3805-b3c4-f9b9d9b42b2e,Quentin28 Fritsch593,M,GENERAL PRACTICE,821 E MAIN ST STE 3,CHICOPEE,MA,010206306,42.155774795300516,-72.55672263289513,62,0
0da4059e-fb98-3dc2-af33-e2e7f8562a29,eea92149-820f-301f-911e-b170e8312842,Tracey100 Hamill307,M,GENERAL PRACTICE,123 SUMMER STREET,WORCESTER,MA,016102177,42.26496835,-71.79655403681465,139,0
097cdfdc-005c-319d-b243-ee6fe09e74e8,19a3afba-b409-3650-a0ab-f3faf6e391ef,Haywood675 Strosin214,M,GENERAL PRACTICE,199 REEDSDALE RD,WALTHAM,MA,024511433,42.3756401,-71.2358004,1,0
3548e3bf-0d5f-3e02-939f-7d8b49cf7362,0e9d0119-1157-35a0-8bb5-7e0aa3041928,Kari181 Trantow673,F,GENERAL PRACTICE,1049 MAIN STREET,SPRINGFIELD,MA,011032114,42.09977055,-72.58470990760483,80,0
074f6255-bd9b-3f07-8746-a19980f0da2a,76b7dbb5-0a02-32a4-9a01-3511f7e45016,Emerita401 Satterfield305,F,GENERAL PRACTICE,59 COUNTRY WAY,SCITUATE,MA,020663746,42.1806871,-70.74862935148246,22,0
88d5f3ae-2087-33f2-a1a8-77f54eaf7400,3a9bf5ed-e584-3532-98a0-1e3a1f909db2,Albert312 D'Amore443,M,GENERAL PRACTICE,51 HOVENDON AVE,BROCKTON,MA,023021220,42.11106635,-71.0162512,27,0
0bdb329d-25b0-3162-a810-a7d0e43846fb,eb9188f8-3f7a-3794-a349-94f88f7ff41c,Elbert916 Kuhlman484,M,GENERAL PRACTICE,119 PROVIDENCE STREET,WORCESTER,MA,016044429,42.25031935,-71.79212030621437,1,0
27a39dba-7755-3381-861f-40bd7f3f0670,c9aabcbd-d4e0-391f-8980-d0be6934ea82,Lindsay928 Leffler128,M,GENERAL PRACTICE,340 PLEASANT ST,BROCKTON,MA,023013236,42.08764334999999,-71.03287346676532,68,0
74aa8bab-61b6-3859-9f1e-cd718b25ca1e,2f5c26cd-be8d-351a-97af-23fbcaba0967,Dorethea38 Casper496,F,GENERAL PRACTICE,36 CORDAGE PARK CIR,PLYMOUTH,MA,023607320,41.978323,-70.689036,3,0
4a236829-33b1-379e-9b2f-8de2f6c8f453,e68de1a0-767e-3466-b9a6-43948ee073d3,Gene733 Ratke343,M,GENERAL PRACTICE,160 WELLS AVENUE,NEWTON,MA,024593302,42.29337605,-71.19806353028767,6,0
ada5f66a-8214-38fb-b106-e9b8db70ce32,cbebae9e-f95e-3d2c-9712-289ea8d6aeec,Xochitl483 Haley279,F,GENERAL PRACTICE,49 ROBINWOOD AVENUE,QUINCY,MA,021698130,42.2509914,-71.0037374,836,0
c9dcb88f-cee6-3bc8-a9a8-605e008568f1,82ed13dd-9643-31e1-a56c-ff9a28a9d671,Camila223 Cartwright189,F,GENERAL PRACTICE,290 ROUTE 130,FORESTDALE,MA,02644,41.713592,-70.4889162,12,0
b5409b6e-9bb3-38e9-965d-546326febd9a,ec7e487e-7e78-3eac-a9ee-37f8de98a0f9,Sid118 Hammes673,M,GENERAL PRACTICE,277 WASHINGTON STREET,ABINGTON,MA,023512489,42.10060947239023,-70.94967338146704,14,0
80307035-b5ae-3514-b897-ba5c9fb4f89c,20df65a4-7567-3066-b680-0f71b0c31d38,Rayford811 Bashirian201,M,GENERAL PRACTICE,242 GREEN ST,GARDNER,MA,014401336,42.58685735,-71.98748072431209,331,0
0a0085b7-6d76-36bf-bc95-32da7c9f90e8,7dcab1ad-0e13-3700-9eb0-70767c5e2b55,Dana512 Wilkinson796,F,GENERAL PRACTICE,1515 ALLEN ST,SPRINGFIELD,MA,011181803,42.095299499999996,-72.50943136142334,1,0
8dc032c5-fdaf-349e-9fc7-e32553227fe5,9485907a-9f9c-3c19-a424-b402ee8f99c2,Lavern240 Bogisich202,M,GENERAL PRACTICE,101 PLANTATION STREET,WORCESTER,MA,016043025,42.258026400000006,-71.78384882397785,33,0
5e0c9bba-0bf3-3a67-bb48-e21d7116ea6c,1494b446-f1aa-3752-8d9c-8eb801059e77,Shoshana283 Bailey598,F,GENERAL PRACTICE,439 COLUMBIA RD,HANOVER,MA,023392393,42.108043699999996,-70.81047504431497,17,0
ca0920ac-effc-3fb2-875d-f9ecd863e869,e7722de2-0e62-3dc9-a163-a7003956673b,Charlena802 Lockman863,F,GENERAL PRACTICE,1 EDGEWATER DRIVE  SUITE 103,NORWOOD,MA,020624669,42.16153305,-71.20162617190071,1,0
cdc9fd22-f483-3226-b528-bdc5091b031e,5b20f93b-fde3-34e2-a878-729686a22042,Setsuko288 Strosin214,F,GENERAL PRACTICE,1 BOSTON MEDICAL CTR PL,BOSTON,MA,022151394,42.3554334,-71.060511,63,0
94e97356-6a3b-3937-8bf6-145bff3aae61,9dbd44ba-59b2-3d1d-ac91-3880af8081d2,Rob341 Larson43,M,GENERAL PRACTICE,529 MAIN ST STE B,ACTON,MA,017203965,42.4878132338563,-71.43046999422496,65,0
176d9cf6-c250-3da5-9c19-26884b3bd9fb,b5e54a54-ad38-39f3-a5d4-6e73e5d76d2d,Otelia900 Rempel203,F,GENERAL PRACTICE,44 FRONT ST FL 3,WORCESTER,MA,016081722,42.2625621,-71.8018877,74,0
f7f685f7-4dbe-346a-bbf6-f058ca02566d,946ec45f-5c4a-361f-b158-927144864133,Jorge203 Harvey63,M,GENERAL PRACTICE,19 MIDSTATE DRIVE  SUITE 130,AUBURN,MA,015011856,42.1894693,-71.85604765,3,0
937c90f3-dcd2-3028-833a-d8fce61b16b3,bac9dc0c-cb0f-3fa6-aa12-819dd0fb922a,Floy720 Greenfelder433,F,GENERAL PRACTICE,1493 CAMBRIDGE ST,SOMERVILLE,MA,021452935,42.3875968,-71.0994968,1400,0
de1ce172-051c-383b-a9ae-4e55fb9c2675,84d5768f-3a21-3da9-aad2-bbf7a3ae2700,Hank686 Schneider199,M,GENERAL PRACTICE,817 MERRIMACK ST,LOWELL,MA,018543548,42.650296999999995,-71.32263756223612,80,0
0a70c34c-0e62-3d72-9391-a9e34caac54a,9ce6072b-d039-3cde-8eaf-950211b8ae88,Terrie907 Ratke343,F,GENERAL PRACTICE,147 S MAIN ST,MIDDLETON,MA,019492446,42.585787222720036,-71.00861442427218,28,0
de6cf79a-4cd4-322b-bebf-03f5c5d84cee,af8566eb-8918-3ec7-ba44-92b6a2cf8097,Trevor374 Walker122,M,GENERAL PRACTICE,81 HIGHLAND AVE,SALEM,MA,019702714,42.5112107,-70.90516241826194,288,0
0e3800b1-9174-3d33-8db2-435a7f5aa554,d4a03501-69f6-3a89-ac27-ed25976fdb6f,José Luis472 Escobedo608,M,GENERAL PRACTICE,25 WOODLAND ROAD,STONEHAM,MA,021801705,42.450448800000004,-71.09076944938434,19,0
39b156da-08d6-3cc4-9039-d5e2f1fe87b9,ecd3b321-0a8a-3ce6-81f0-982dd77fce43,Tracie996 Lesch175,F,GENERAL PRACTICE,25 HIGHLAND AVE,NEWBURYPORT,MA,019503867,42.81369325,-70.89091645747592,726,0
c6137ebf-2a3b-3fef-a849-3c4a81e088c3,058176fd-cbb0-328b-8411-c19f5045032d,Dion244 Sanford861,M,GENERAL PRACTICE,840 EMERSON GARDENS ROAD,LEXINGTON,MA,02420,42.43761961817366,-71.19888753880475,10,0
d7d42a3c-87d8-3437-bc1f-9022a0ace767,4f5e8f16-a31b-3071-8556-d7188ede313d,Kala987 Wolf938,F,GENERAL PRACTICE,575 BEECH ST,HOLYOKE,MA,010402223,42.20105435,-72.628169560868,253,0
bae783f0-b435-3e6d-94d9-9a03bf6435a9,615416de-5217-3c11-9828-2d4bacd1d9cb,Brooks264 Williamson769,M,GENERAL PRACTICE,434 ROUTE 134,HYANNIS,MA,026011854,41.6753274,-70.309939,3,0
e480768f-67a0-3e2f-a1e3-0e565f2ee923,41f66e18-8eb7-32f2-9371-7df5bf2b8d21,Lonnie913 Mraz590,M,GENERAL PRACTICE,170 UNIVERSITY DRIVE,GREENFIELD,MA,013011238,42.6097476,-72.5979752,1,0
8c97f07a-16fa-35d6-b9dd-2279d47257bc,a25107f7-f4f5-36fc-98e4-f3e1b5875c91,Yesenia104 Wilderman619,F,GENERAL PRACTICE,1285 BEACON ST,WOBURN,MA,018012157,42.4979478,-71.1684508,75,0
a79fc877-066d-3fc8-83f5-e05dc4c07166,0e6c3ad1-24c1-34cb-bb6d-e8438fa319e2,Vern731 Casper496,M,GENERAL PRACTICE,50 DODGE ST,SWAMPSCOTT,MA,019071300,42.4699241,-70.9171507,132,0
98ffe61a-a0ef-3646-bc9a-5c839ae85047,43ee6bb5-8efa-3bfc-8ca8-1579a5267753,Kristopher775 Roob72,M,GENERAL PRACTICE,235 N PEARL ST,BROCKTON,MA,023011794,42.09805395,-71.0609587194362,292,0
ae3012da-bd0e-3333-ab55-e5b7933c4fee,3695125c-c052-3ece-898a-2a6448987ae5,Rosanna866 DuBuque211,F,GENERAL PRACTICE,2040 BOSTON RD STE 5,WILBRAHAM,MA,010951380,42.150295650000004,-72.47288272264812,1,0
d0097735-d022-3498-807c-7848cbeabf3f,ed43f171-1ac1-3f08-aef5-0f62c515cf4d,Bruce167 Schowalter414,M,GENERAL PRACTICE,184 TER HEUN DR,FALMOUTH,MA,025403160,41.56534135,-70.62534898297048,8,0
e80675c5-4d3e-3470-9fac-377af12cd745,b529b631-551f-3344-82e4-c58c8b3b1716,Kirk871 Hills818,M,GENERAL PRACTICE,135 ELLIS AVE,NORWOOD,MA,020623946,42.2071374,-71.1867275198222,1,0
4a393562-5bd2-3f07-8f47-32476249551a,f68ebf98-ba5b-35af-b2bd-da56cc5b13be,Pedro316 Martínez540,M,GENERAL PRACTICE,270 LITTLETON RD STE 22,WESTFORD,MA,018863524,42.5569148,-71.4366336131239,1,0
50800b38-0b9c-31f3-ad83-102f7abb6369,b8d40f5c-9e4d-3639-89ef-8bf375cb3184,Joshua658 Howe413,M,GENERAL PRACTICE,190 OLD DERBY STREET,HINGHAM,MA,020434065,42.1807101,-70.9170852970031,4,0
dc39a524-cdc6-3568-a3b1-6994a92d0fa0,e5d50afe-8c7d-35f5-96f5-fb8941403b0f,Amparo58 Hayes766,F,GENERAL PRACTICE,125 S CLARK ST STE 900,FALL RIVER,MA,02722,41.74223,-71.129706,72,0
ee7b0503-62f4-3dae-94f1-be093fc7651f,9adfae03-673d-365d-9052-f705098fa3e4,Daniel959 Wolff180,M,GENERAL PRACTICE,51 BLOSSOM ST,BOSTON,MA,021142699,42.36305545,-71.06643399281765,255,0
9a755049-f061-3c6d-8fff-8297821eaeec,48a07866-e8d7-3268-aa3c-ca3237c8e6f3,Moshe758 Stamm704,M,GENERAL PRACTICE,188 PROVIDENCE ST,HYDE PARK,MA,021361861,42.2682551,-71.12174592925336,28,0
f7aa6249-3d9b-3ae7-981c-eeb55d13b69e,25431f9a-00e4-36d8-9810-4125328eec50,Kati243 Ruecker817,F,GENERAL PRACTICE,55 FRUIT ST,WALTHAM,MA,02451,42.3756401,-71.2358004,116,0
7abead3c-0f40-3cd0-b46c-76b9625111b8,c1a85a41-6758-3edc-95ec-238b8ac72a40,Wilhemina814 Lesch175,F,GENERAL PRACTICE,65 CENTRAL ST,GEORGETOWN,MA,018332112,42.7211656,-70.99324119227308,79,0
4ca80b90-bdf2-3921-9370-15a69fa3ac0e,01bde980-bf89-3138-8912-7360dff33247,Bradly656 Lang846,M,GENERAL PRACTICE,456 PARK AVE,WORCESTER,MA,016101254,42.25512735,-71.82580924803523,26,0
0fe18558-bac5-3909-816d-11318fbc5192,1484fc69-2eb0-3bba-8656-d5ead4973895,Lashawnda573 Schaefer657,F,GENERAL PRACTICE,260 MERRIMAC ST,NEWBURYPORT,MA,019502192,42.817380099999994,-70.88125573659471,64,0
1fcb9164-e633-333d-90a4-704baf0fb979,217cb6f6-e822-3831-9d9d-ffa104971042,Cira533 Jakubowski832,F,GENERAL PRACTICE,2 REHABILITATION WAY,WOBURN,MA,018016003,42.46352265,-71.161925472006,17,0
ace2986d-ac58-34fa-94c2-a2385c8b495d,4e56c7ec-99e5-3023-8e4f-95ad18a03f06,Duane703 Bosco882,M,GENERAL PRACTICE,28 RIVERSIDE DR STE 101,PEMBROKE,MA,023594947,42.11004715,-70.77534154695786,65,0
d4ab2943-793f-3f35-9a27-bae20645a58d,acfde9fd-b6ef-36d0-86dd-ab77398d289b,Gustavo235 Castro740,M,GENERAL PRACTICE,80 NEWBRIDGE WAY,DEDHAM,MA,020267028,42.265152,-71.20332234041666,1,0
e48768cf-efbf-3865-b321-4e31f849a363,e2a8b444-9b8f-36ff-84c4-05ee98589482,Francisco472 Gusikowski974,F,GENERAL PRACTICE,8 SHIPWAY PL # C-8,CHARLESTOWN,MA,021294301,42.3778749,-71.0619957,125,0
8a4927fd-ba68-39cf-b643-361520a875d7,e0cc7e8e-e1a4-3a02-b589-0a35741d39fe,Alla648 Towne435,F,GENERAL PRACTICE,990 PARADISE RD,SWAMPSCOTT,MA,019071831,42.48374535000001,-70.90120467000462,66,0
20521655-72fa-339a-98c3-b4468240f5eb,3517aff1-b163-3cd5-8fff-19710fcdc1b7,Ladawn167 Cremin516,F,GENERAL PRACTICE,400 HEMENWAY STREET,MARLBOROUGH,MA,017526762,42.36006255767826,-71.5077613040944,5,0
09e70ce5-391a-3c55-87e5-e3eee9bae6f2,121b0ad1-1beb-3caa-9271-3d3f726bb727,Cortez851 Price929,M,GENERAL PRACTICE,1030 MAIN STREET,WALTHAM,MA,024517447,42.375828,-71.2527956,94,0
e11fb4cd-a277-3e92-9083-d3e7c268ae03,95f6c328-96dd-3fb8-a56e-9aad566094b4,Burton124 Schoen8,M,GENERAL PRACTICE,4 STONY HILL ROAD,WILBRAHAM,MA,010951027,42.1552861,-72.48384800788648,7,0
b9308f22-9ad3-33ca-8ef6-5694f9f0e170,1676f96e-65fc-350d-918b-453697bf07ff,Miguel815 Segura601,M,GENERAL PRACTICE,120 LONGWATER DRIVE,NORWELL,MA,020611653,42.15682485,-70.8792143504961,2,0
2a496c5a-360f-302e-bef8-537860c00024,6d16a8e3-3569-38ab-afac-a2f8c1125085,Miguelina323 Crona259,F,GENERAL PRACTICE,1010 WALTHAM STREET,LEXINGTON,MA,024218052,42.4139392,-71.22929265883278,16,0
06fd9387-45b2-3f1f-8fcf-9d4172640f8c,76baa51d-0d0f-359d-a07b-7b999a43d42e,Lincoln623 Gibson10,M,GENERAL PRACTICE,101 STATION DR STE 240,WESTWOOD,MA,020902336,42.20728361922244,-71.15698168263435,49,0
8aef920b-975a-37e3-b3cc-1504e9e0ef93,02d7b144-352f-3eac-97db-6fc4a95bf1fa,Dante562 Reinger292,M,GENERAL PRACTICE,120 SEMINARY AVENUE,AUBURNDALE,MA,024662650,42.34002614299451,-71.24911543639162,13,0
ea072758-a635-3403-abda-c3c796f682c7,e0584fe3-c4f7-33c7-986b-2568383d7307,Kenneth671 Blanda868,M,GENERAL PRACTICE,120 MAPLE ST STE 303,SPRINGFIELD,MA,011031930,42.1064397,-72.63777529283192,50,0
2418a3c9-71c3-36db-8ee2-55f41ecd81be,53f086de-2fc7-3d35-92c2-aca4ed944e7f,Chang901 Kutch271,M,GENERAL PRACTICE,1 GENERAL ST,LAWRENCE,MA,018412961,42.7097143,-71.15007700778098,57,0
9fc90f0d-25a2-3a7d-abd9-8536f6c0ef77,c05d73d0-b348-32ce-9fe5-13a720950f37,Rema399 McDermott739,F,GENERAL PRACTICE,45 DRUM HILL RD,CHELMSFORD,MA,018241503,42.6255635,-71.3615131,55,0
4a593026-50ee-3eff-9126-fb2c2063987c,d70d47dc-b40c-3a04-8342-35cbfe716409,Marcelino726 Hilpert278,M,GENERAL PRACTICE,83 LITTLEFIELD RD,NEWTON,MA,024593010,42.3104327,-71.18883283411856,55,0
337d9548-0446-30d8-b796-94df0f93959e,047f6113-bd42-353b-8368-cf2352868915,Neal874 Schimmel440,M,GENERAL PRACTICE,62 WALNUT ST FL 2ND,WELLESLEY,MA,024812109,42.2964859,-71.2925571,202,0
0db37d05-f2b5-38e7-842a-07b041f64e8f,0592d4e5-a0fb-3143-83cd-8e5a6b066a96,Anderson154 Lemke654,M,GENERAL PRACTICE,20 EAST ST,HANOVER,MA,023391638,42.1278249,-70.82664947485381,376,0
a426f333-a60b-342a-8aa0-e02570342c92,064ba8c8-f6f7-3582-8f41-c963ceedfee4,Lexie163 Ankunding277,F,GENERAL PRACTICE,500 BELMONT STREET,BROCKTON,MA,023014985,42.07465845,-71.03975419622803,2,0
65aa2d60-2a1a-3cd1-aeb0-846b83548a79,6aae7a31-90df-3455-ad8d-81f8cf2d21e8,Houston994 Funk324,M,GENERAL PRACTICE,680 CENTRE ST,BROCKTON,MA,023023308,42.0872752,-70.9910738855076,488,0
52c54ad9-1d2e-39b6-8d04-9989d6fc6e92,e94c520b-596e-37d6-a22e-eec14e2ac571,Roseanna881 Stokes453,F,GENERAL PRACTICE,290 MERRIMACK ST STE 241,WEST BRIDGEWATER,MA,023791056,42.0219112,-71.019004,12,0
